{
    "pins": [
        {
            "location": [51.511040, -0.103510]
        },
        {
            "location": [-34.921230, 138.599503]
        }
    ]
}