{
    "pins": [
        {
            "name": "London",
            "arrived": 1656528600,
            "location": [
                51.5073219,
                -0.1276474
            ]
        },
        {
            "name": "Dubai",
            "arrived": 1656553800,
            "location": [
                25.265347100000003,
                55.29249139999999
            ]
        }
    ]
}