{
    "pins": [
        {
            "location": [
                51.5073219,
                -0.1276474
            ]
        },
        {
            "location": [
                -34.9281805,
                138.5999312
            ]
        },
        {
            "location": [
                -33.8548157,
                151.2164539
            ]
        }
    ]
}