{
    "pins": [
        {
            "location": [51.511040, -0.103510]
        },
        {
            "location": [-35.027009, 138.522637]
        },
        {
            "location": [13.736717, 100.523186]
        },
        {
            "location": [-34.921230, 138.599503]
        }
    ]
}
