{
    "pins": [
        {
            "name": "London",
            "arrived": 1656528600,
            "location": [
                51.5073219,
                -0.1276474
            ]
        },
        {
            "name": "Dubai",
            "arrived": 1656553800,
            "location": [
                25.265347100000003,
                55.29249139999999
            ]
        },
        {
            "name": "Sydney",
            "arrived": 1656678600,
            "location": [
                -33.882640278027026,
                151.2044985519873
            ]
        },
        {
            "name": "Adelaide",
            "arrived": 1657013400,
            "location": [
                -34.94149616424261,
                138.5362473285005
            ]
        }
    ]
}